time_point,real_infected,dd_infected,dd_scaled_infected,ff_infected,ff_scaled_infected,dd_error,dd_scaled_error,ff_error,ff_scaled_error,dd_error_sq,dd_scaled_error_sq,ff_error_sq,ff_scaled_error_sq
0,2.82,1,2.82,1,2.82,1.8199999999999998,0,1.8199999999999998,0,3.3123999999999993,0,3.3123999999999993,0
0.5,1.69,1.08751350886128,3.22980082536801,1.09303053170354,3.07956566705227,0.60248649113872,-1.53980082536801,0.5969694682964599,-1.38956566705227,0.36298997200464694,2.370986581804005,0.35637254607815805,1.9308927430504201
1,1.93,1.18254527616522,3.69720164986865,1.19459933936447,3.36241898286579,0.74745472383478,-1.7672016498686502,0.7354006606355299,-1.43241898286579,0.5586885641829271,3.1230016712984794,0.5408141316631738,2.0518241424742647
1.5,2.05,1.2857157317846,4.2296953409776,1.30546758487424,3.67053349315646,0.7642842682153999,-2.1796953409776005,0.7445324151257597,-1.6205334931564601,0.5841304426415492,4.751071779479458,0.5543285171729966,2.6261288024418787
2,3.76,1.3976915988493,4.83556450960617,1.42645964669157,4.00602750458177,2.3623084011507,-1.0755645096061706,2.33354035330843,-0.24602750458176992,5.580500982147176,1.156839014324362,5.445410580518831,0.06052953301073282
2.5,2.43,1.51918902982161,5.52390728961741,1.55846795769281,4.3711708100598,0.9108109701783902,-3.0939072896174102,0.8715320423071902,-1.9411708100597997,0.8295766233973004,9.57226231674775,0.759568100768142,3.7681441138282192
3,4.15,1.65097565351526,6.30464392602743,1.70245727754539,4.76839034174613,2.4990243464847404,-2.15464392602743,2.4475427224546102,-0.6183903417461298,6.2451226843234835,4.642490447966897,5.9904653782405255,0.38240661476489524
3.5,2.41,1.79387379101674,7.18849646806185,1.85946950922413,5.20027475056769,0.6161262089832602,-4.77849646806185,0.5505304907758701,-2.79027475056769,0.379611505396084,22.83402849527958,0.3030838212739204,7.785633183655584
4,4.68,1.94876217881189,8.1869322674262,2.03062848048225,5.6695786428551,2.7312378211881096,-3.506932267426201,2.6493715195177496,-0.9895786428551006,7.459660035888373,12.298573928315076,7.019169448431789,0.9792658903949426
4.5,3.96,2.11657909176274,9.31206163590319,2.21714436214278,6.17922402575262,1.8434209082372601,-5.35206163590319,1.74285563785722,-2.21922402575262,3.398200644926285,28.644563754506727,3.037545774410697,4.924955276477666
5,5.47,2.29832350648968,10.5764792143329,2.42031890776803,6.7323014942545,3.17167649351032,-5.106479214332901,3.0496810922319697,-1.2623014942545003,10.059531779485917,26.076129966413962,9.30055476431718,1.5934050623971443
5.5,5.82,2.49505781154188,11.9930335351745,2.64154901241461,7.33206743608613,3.3249421884581203,-6.1730335351745005,3.17845098758539,-1.51206743608613,11.055240556588675,38.10634302638899,10.102550680482542,2.2863479312720827
6,3.48,2.70790820192205,13.5745161450351,2.88233215417305,7.98193988472279,0.77209179807795,-10.094516145035099,0.5976678458269498,-4.501939884722789,0.596125744659242,101.89925620237427,0.3572068539354266,20.267462725657843
6.5,5.81,2.9380663730956,15.3332644497423,3.14426862129125,8.68549021509926,2.8719336269044,-9.5232644497423,2.6657313787087498,-2.875490215099261,8.24800275734426,90.6925657797255,7.1061237834324515,8.268443977131595
7,5.45,3.18678905154041,17.2806588544632,3.4290665209263,9.44643066784854,2.2632109484595904,-11.830658854463202,2.0209334790737,-3.99643066784854,5.122123797227359,139.96448893068856,4.0841721268409295,15.971458082920329
7.5,8.86,3.45539772149879,19.4265299734722,3.73854228289132,10.2685990711715,5.404602278501209,-10.5665299734722,5.1214577171086795,-1.4085990711715013,29.209725788780464,111.6515556802864,26.229329148132045,1.9841513433052163
8,5.99,3.74527721372502,21.7784822321053,4.07462406454927,11.1559346919563,2.24472278627498,-15.7884822321053,1.9153759354507303,-5.1659346919563,5.03878038722211,249.27617119350478,3.66866497410376,26.686881241557636
8.5,9.96,4.05787242397684,24.3411280994826,4.43935025577278,12.1124536689185,5.902127576023161,-14.381128099482599,5.520649744227221,-2.1524536689184988,34.83510992365303,206.81684541372798,30.47757359843608,4.633056796840706
9,9.08,4.39468541015173,27.1153251913915,4.8348694959987,13.1422109505318,4.68531458984827,-18.0353251913915,4.2451305040013,-4.062210950531799,21.95217280584506,325.27295475924086,18.02113299600233,16.501557806620465
9.5,8.82,4.75726861712624,30.0973851311159,5.26343693368754,14.2492620247811,4.062731382873761,-21.2773851311159,3.55656306631246,-5.429262024781099,16.505786289387338,452.72711801783197,12.649140844657888,29.476886133730165
10,7.45,5.14721884878417,33.2783988254569,5.72740868250379,15.4376115278345,2.3027811512158305,-25.828398825456897,1.7225913174962102,-7.9876115278345,5.302801030394906,667.1061858868633,2.967320847113329,63.80193791959459
10.5,9.54,5.56616746799582,36.6436912162922,6.22923504541584,16.7111542344834,3.973832532004179,-27.103691216292198,3.310764954584159,-7.171154234483399,15.791344992414746,734.6100775481149,10.961164584502649,51.42545305474919
11,16.46,6.01576861119727,40.1724962190067,6.77144772289745,18.0736140014102,10.44423138880273,-23.712496219006702,9.688552277102552,-1.6136140014101983,109.08196930285222,562.2824769364072,93.86804522614905,2.6037501455470315
11.5,13.6,6.49768697282745,43.8379945984149,7.3566477166821,19.5284585888387,7.10231302717255,-30.2379945984149,6.2433522833179,-5.9284585888387,50.44285033594491,914.3363173337686,38.97944773361083,35.146621239575346
12,11.64,7.0135791192518004,47.6075434370164,7.9874850303944704,21.0788275014585,4.6264208807482,-35.9675434370164,3.65251496960553,-9.438827501458498,21.40377016582295,1293.6641808936618,13.340865603192487,89.09146460228926
12.5,11.25,7.56507630241487,51.443582265297,8.666637019125,22.7274324382358,3.6849236975851296,-40.193582265297,2.583362980875,-11.477432438235802,13.578662657024465,1615.5240553171977,6.673764290955366,131.73145537426743
13,18.69,8.15376187348912,55.3045463091442,9.39678183528033,24.4764576088344,10.53623812651088,-36.6145463091442,9.293218164719672,-5.7864576088344,111.01231385854152,1340.6250014244654,86.36390385707567,33.48309165883752
13.5,16.4,8.78114376828136,59.1463524142063,10.1805625670275,26.3274677755685,7.618856231718638,-42.7463524142063,6.219437432972498,-9.927467775568502,58.04697027959793,1827.2506447195208,38.68140198265954,98.55461643495101
14,16.95,9.44863078409969,62.9240891024452,11.020554133201,28.2812801990067,7.50136921590031,-45.974089102445205,5.929445866799,-11.331280199006702,56.27054011325683,2113.616868799571,35.158328287299746,128.39791094840137
14.5,7.71,10.15749683608,66.5935650040792,11.9192144494235,30.3378749143488,-2.44749683608,-58.883565004079195,-4.2092144494234995,-22.627874914348798,5.99024076262161,3467.27422758962,17.717486281235573,512.0207231394156
15,20.78,10.9088484506674,70.1132132854536,12.8788374556174,32.4962855474082,9.871151549332602,-49.333213285453596,7.901162544382601,-11.716285547408198,97.43963290989143,2433.7659330680553,62.42836955275453,137.2713470284062
15.5,21.99,11.7035919081663,73.4453742663742,13.9015001804073,34.7544845002151,10.286408091833698,-51.45537426637421,8.088499819592698,-12.7644845002151,105.81019143174177,2647.655540892645,65.42382933155112,162.93206455623155
16,25.56,12.5423867892787,76.5577129656798,14.9889938734532,37.1093166126385,13.017613210721299,-50.997712965679796,10.571006126546798,-11.549316612638503,169.45825370394567,2600.766727729865,111.74617052748995,133.3867142189677
16.5,35.21,13.4256137227155,79.4239325639951,16.1427703009362,39.5564100575965,21.7843862772845,-44.213932563995094,19.0672296990638,-4.346410057596501,474.5594854779413,1954.8718327735057,363.55924839686065,18.891280388776014
17,27.47,14.353333604089901,82.0243098558003,17.3638652687236,42.0901227266378,13.116666395910098,-54.5543098558003,10.106134731276398,-14.620122726637803,172.0469373415972,2976.1727238426697,102.13395920671108,213.74798854195117
17.5,24.1,15.325240038216,84.3457834768838,18.6528266376618,44.7035266597803,8.774759961784001,-60.245783476883794,5.4471733623382015,-20.6035266597803,76.99641238692757,3629.5544267435644,29.67169763936687,424.5053108202776
18,25.23,16.3406316242896,86.3816647693735,20.00965303071,47.3883690553991,8.8893683757104,-61.1516647693735,5.220346969290002,-22.158369055399103,79.02087011908017,3739.5261040658356,27.25202247977531,490.9933191952685
18.5,36.53,17.3983729140818,88.131067873535,21.4337094446726,50.1351549927179,19.1316270859182,-51.601067873535,15.0962905553274,-13.6051549927179,366.01915495463896,2662.670205689166,227.89798853086725,185.1002423758768
19,45.41,18.496859167368,89.5983208168071,22.9236722543288,52.9331915122115,26.913140832631996,-44.188320816807106,22.486327745671197,-7.523191512211504,724.3171494770836,1952.6076966090682,505.6349354857423,56.59841052941122
19.5,36.04,19.6340019773514,90.7919808691605,24.4774692331452,55.7706442146837,16.4059980226486,-54.7519808691605,11.562530766854799,-19.7306442146837,269.15677111914977,2997.7794090969173,133.69211773446384,389.29832112643135
20,34.32,20.8072024955802,91.7240118940188,26.0922222561297,58.6347105697492,13.512797504419801,-57.4040118940188,8.227777743870302,-24.314710569749202,182.595696395454,3295.220581528652,67.69632660252748,591.2051500906736
20.5,37.61,22.0133478539153,92.4089859230836,27.7642239864148,61.5118528059484,15.5966521460847,-54.798985923083606,9.845776013585198,-23.9018528059484,243.2555581659685,3002.928858198315,96.93930530968963,571.2985675572235
21,47.27,23.2488192872537,92.8631948155889,29.488902601455,64.3878952226359,24.021180712746304,-45.593194815588895,17.781097398545004,-17.1178952226359,577.017122834415,2078.739413492242,316.1674246965439,293.02233685314104
21.5,33.06,24.5095040528149,93.104033558878,31.2608329101329,67.2482226934357,8.550495947185102,-60.044033558878,1.799167089867101,-34.18822269343569,73.11098094282885,3605.2859660196673,3.2370022172608532,1168.8345709359512
22,59.2,25.790787155214,93.1493464176198,33.0737601406204,70.0781532028336,33.409212844786,-33.94934641761979,26.126239859379602,-10.878153202833602,1116.1755029082137,1152.558122183554,682.58040918983545,118.33421710431895
22.5,46.73,27.087651051736,93.0169849262211,34.9206207600115,72.86312782091,19.642348948263997,-46.2869849262211,11.809379239988495,-26.133127820909998,385.82187220536775,2142.4849735602197,139.46143803387125,682.9403697040201
23,38.85,28.3946986525066,92.7243987442714,36.7936043417134,75.5888884016399,10.4553013474934,-53.874398744271396,2.056395658286604,-36.738888401639905,109.3133262668973,2902.4508400567515,4.228763103419996,1349.745920988151
23.5,52.74,29.7062011545173,92.2883740225882,38.6843065416327,78.2417696799256,23.033798845482703,-39.5483740225882,14.055693458367301,-25.501769679925594,530.5558892541603,1564.073887830529,197.56251859558935,650.3402568079723
24,32.18,31.0161483459517,91.7248191615424,40.5837755355948,80.8089917688904,1.163851654048301,-59.5448191615424,-8.403775535594804,-48.628991768890394,1.3545506726309662,3545.585488980787,70.62344325266173,2364.7788404588096
24.5,86.57,32.3184007073898,91.0486443738248,42.4826252622279,83.2787604477374,54.251599292610194,-4.478644373824807,44.087374737772095,3.2912395522625957,2943.236025805943,20.058255427192595,1943.696611268745,10.83225779037769
25,48.42,33.6067382075252,90.2736846354672,44.3712419540405,85.6404409758363,14.813261792474805,-41.853684635467204,4.048758045959502,-37.2204409758363,219.43272493239385,1751.7309175651435,16.39244171472181,1385.3612264357137
25.5,62.84,34.8749265970269,89.4126726769063,46.2399489352867,87.8847662048774,27.965073402973104,-26.572672676906294,16.600051064713305,-25.04476620487739,782.0453304336737,706.1069331940023,275.5616953510893,627.2403142569686
26,84.19,36.1168190168571,88.4772471237971,48.0791035590864,90.0038873602432,48.0731809831429,-4.287247123797101,36.1108964409136,-5.8138873602432,2311.030729838012,18.380487900506516,1303.9968417663865,33.80128623759565
26.5,70.82,37.3264913253632,87.477979472482,49.8792738900444,91.9914107063179,33.49350867463679,-16.657979472482012,20.94072610995559,-21.1714107063179,1121.8151233379701,277.4882801056321,438.51401001217585,448.2286312955922
27,72.89,38.4982819864534,86.4244274901857,51.6314734313516,93.8424338581105,34.3917180135466,-13.534427490185706,21.2585265686484,-20.952433858110496,1182.7902679233057,183.18072748709454,451.9249518699299,439.00448457849507
27.5,69.38,39.6268635833499,85.325189046506,53.3272388486313,95.5535513134412,29.753136416650094,-15.945189046506002,16.052761151368692,-26.17355131344121,885.24912662779,254.24905372881497,257.6911405828919,685.05478835734
28,97.1,40.7073446692355,84.1879736064066,54.9587517227272,97.1227882712641,56.39265533076449,12.912026393593393,42.141248277272794,-0.022788271264104765,3180.1315752544006,166.7204255888524,1775.8848063667472,5.19305307206423e-4
28.5,66.59,41.7353240901034,83.0196658026633,56.5190027781089,98.5495051591849,24.854675909896606,-16.429665802663294,10.070997221891105,-31.9595051591849,617.7549145859947,269.9339183872037,101.42498504333835,1021.4099700199663
29,82.49,42.7069147806144,81.8263994381797,58.0018646049608,99.8343135316637,39.7830852193856,0.6636005618202887,24.488135395039194,-17.3443135316637,1582.6938695728968,0.4403657056482028,599.6687751257714,300.82521188465256
29.5,103.34,43.6187846398444,80.6136206294709,59.4021272039791,100.978976214917,59.721215360155604,22.726379370529102,43.937872796020905,2.361023785083006,3566.623564094086,516.4883192932108,1930.5366658393139,5.574433313727685
30,94.31,44.4681911204303,79.3861560646301,60.7155524967619,101.986249591212,49.841808879569705,14.923843935369902,33.5944475032381,-7.676249591211999,2484.2059123875533,222.721117807277,1128.5869030478207,58.92480778658238
30.5,105.22,45.2529805641158,78.1482709766535,61.9389031480831,102.859762774573,59.9670194358842,27.071729023346492,43.2810968519169,2.3602372254269994,3596.043420023713,732.8785123135008,1873.253344705011,5.5707197602913405
31,112.57,45.9715808378411,76.9037277035962,63.0699174491006,103.603896254976,66.59841916215889,35.66627229640379,49.50008255089939,8.966103745024,4435.349434898612,1272.0829795212205,2450.2581725458544,80.3910163665334
31.5,60.96,46.6229906298142,75.6558370643002,64.1072755418447,104.22361753192,14.337009370185804,-14.6958370643002,-3.1472755418446994,-43.26361753192,205.54983768079555,215.9676270204595,9.905343336293846,1871.7406019482555
32,148.88,47.2067366916786,74.4075057872192,65.0505321030173,104.724380925048,101.6732633083214,74.4724942127808,83.82946789698269,44.155619074952,10337.452471763254,5546.15239427267,7027.379687891252,1949.7186958922648
32.5,66.37,47.7228694534541,73.1612815368895,65.9000886237855,105.111992339485,18.647130546545903,-6.7912815368895,0.4699113762144975,-38.741992339484995,347.7154776199253,46.12150491329621,0.22081670149580304,1500.941970432714
33,102.06,48.1719119458309,71.9193894428605,66.6571012593778,105.392499463938,53.8880880541691,30.140610557139496,35.402898740622206,-3.3324994639379923,2903.9260341338827,908.4564047571488,1253.3652392387494,11.105552677147006
33.5,146.6,48.5548223095617,70.6837712132766,67.3233784129994,105.57210164211,98.0451776904383,75.9162287867234,79.27662158700059,41.027898357889995,9612.85686834962,5763.27379319813,6284.782730248488,1683.2884436653526
34,100.2,48.8729200098983,69.4561125888889,67.9013074357721,105.657048127922,51.3270799901017,30.743887411111103,32.298692564227906,-5.457048127921993,2634.4691403102984,945.1866131470758,1043.205541358511,29.779374270456934
34.5,85.09,49.1278646858498,68.2378764323716,68.3937753067917,105.653576610034,35.9621353141502,16.852123567628396,16.696224693208308,-20.56357661003399,1293.2751763532492,283.9940687386164,278.76391900609883,422.860682996737
35,84.13,49.3216092115699,67.0303236178475,68.8040569056587,105.567834921677,34.808390788430096,17.099676382152495,15.325943094341298,-21.43783492167701,1211.6240692800652,292.3989323743438,234.88453173098773,459.5807661290743
35.5,53.82,49.4563518353869,65.8345396332862,69.1357484132116,105.405839675941,4.363648164613103,-12.014539633286198,-15.315748413211601,-51.585839675940996,19.041425304531302,144.34916259980486,234.57214945679368,2661.098855071888
36,47.54,49.5344632234693,64.6514520072474,69.3926809573146,105.173422103519,-1.9944632234693032,-17.1114520072474,-21.852680957314597,-57.633422103519,3.9778835497715637,292.8017897963311,477.53966502218003,3321.6113433623927
36.5,112.72,49.5584707834784,63.4818493829629,69.5788448731876,104.876203556894,63.1615292165216,49.2381506170371,43.14115512681239,7.843796443106001,3989.378772969512,2424.395476186031,1861.1592656756911,61.52514264088235
37,61.12,49.5310201866441,62.3263980766082,69.6983324205418,104.519561628768,11.588979813355898,-1.2063980766082025,-8.578332420541805,-43.399561628768005,134.30445311437052,1.4553963192439705,73.58778711731863,1883.5219495692322
37.5,85.87,49.4548319623779,61.1856542264628,69.7552691405539,104.108619106716,36.4151680376221,24.684345773537203,16.114730859446098,-18.238619106716,1326.0644632082544,609.316926267544,259.6845506723844,332.647226919866
38,110.75,49.3326566631746,60.0600791336447,69.7537736657556,103.648226067265,61.4173433368254,50.6899208663553,40.9962263342444,7.101773932735,3772.090062553491,2569.4680774373624,1680.6905736485937,50.43519299167435
38.5,74.37,49.1672637323453,58.9500478503655,69.697905988101,103.142958825932,25.202736267654707,15.419952149634504,4.672094011899006,-28.772958825931994,635.1779153769579,237.77492429701778,21.828462456022546,827.8831595987779
39,109.82,48.9614138687556,57.8558605498089,69.5916396688154,102.597113735864,60.858586131244394,51.96413945019109,40.22836033118459,7.222886264135994,3703.7675058940927,2700.271788798906,1618.3209749356258,52.170085984644416
39.5,102.58,48.7178309905665,56.7777513337205,69.4388265781604,102.014713195596,53.8621690094335,45.802248666279496,33.141173421839596,0.5652868044039963,2901.1332504007787,2097.8459828877017,1098.3373757764473,0.3195491712332819
40,81.62,48.4391827594847,55.7158946825805,69.2431798616869,101.399507277048,33.1808172405153,25.904105317419507,12.376820138313107,-19.779507277047998,1100.9666327484777,671.0226722959616,153.18567673615289,391.2289081227947
40.5,94.58,48.1280735936527,54.6704142519101,69.0082524577801,100.754984549778,46.4519264063473,39.909585748089896,25.571747542219896,-6.174984549778003,2157.781466860705,1592.77503458414,653.9142723630293,38.13043418999705
41,57.19,47.7870293954041,53.6413876571099,68.7374286649024,100.084378326788,9.4029706045959,3.5486123428900953,-11.547428664902398,-42.894378326788,88.41585619089459,12.592649560111932,133.34310877100958,1839.9276920416203
41.5,82.69,47.4184841694147,52.6288519127392,68.4339133757047,99.3906805321027,35.2715158305853,30.061148087260797,14.256086624295293,-16.70068053210271,1244.0798289872296,903.6726243242234,203.23600583941115,278.9127302353544
42,110.42,47.0247755422071,51.6328094530519,68.1007302327636,98.6766502717234,63.3952244577929,58.7871905469481,42.319269767236406,11.743349728276598,4018.954484053943,3455.9337724031843,1790.9205936321293,137.90626284061406
42.5,105.76,46.6081412731346,50.6532310341842,67.7407185688544,97.9448292585701,59.151858726865406,55.1067689658158,38.0192814311456,7.81517074142991,3498.942390843043,3036.7559858518,1445.4657605406526,61.07689371770212
43,94.12,46.1707137070401,49.6900600932286,67.3565363172338,97.1975512615403,47.949286292959904,44.4299399067714,26.7634636827662,-3.077551261540293,2299.1340560042327,1974.019560119318,716.2829882987454,9.47132176740825
43.5,80.62,45.7145181382654,48.7432166805253,66.9506620223496,96.436957877893,34.90548186173461,31.876783319474704,13.6693379776504,-15.816957877892989,1218.3926639998836,1016.1293147967407,186.85080074723552,250.17615651104109
44,104.38,45.241472840742,47.8125994575545,66.5254010762307,95.6650080461922,59.138527159258,56.5674005424455,37.8545989237693,8.714991953807797,3497.365394566296,3199.870804129463,1432.970659679436,75.95108475493464
44.5,74.58,44.7533896698257,46.8980888839215,66.082890641958,94.8834932291991,29.826610330174297,27.681911116078496,8.497109358041996,-20.303493229199105,889.6266837880601,766.2882030384702,72.20086744252487,412.23183730813395
45,85.63,44.2519744645175,45.9995499754199,65.6251080625629,94.0940466118836,41.37802553548249,39.63045002458009,20.004891937437094,-8.464046611883603,1712.1409972150414,1570.5725691507403,400.19570142853564,71.6400850481383
45.5,99.08,43.7388316828139,45.1168336553191,65.153877165943,93.2981569939932,55.341168317186096,53.9631663446809,33.926122834057,5.781843006006795,3062.644910711122,2912.0233219437014,1150.9818105515235,33.429708546109694
46,84.26,43.2154652962264,44.2497789137775,64.6708778778237,92.4971776017005,41.04453470377361,40.01022108622251,19.589122122176306,-8.237177601700495,1684.653829049276,1600.8177913684042,383.73370551753715,67.85109484195631
46.5,93.97,42.6832823283489,43.3982149642772,64.1776529340795,91.6923381968408,51.2867176716511,50.5717850357228,29.792347065920495,2.277661803159205,2630.3274095316488,2557.505441699356,887.5839436962615,5.187743289570442
47,96.81,42.1435949150385,42.5619620963791,63.6756179128212,90.884753541157,54.666405084961504,54.248037903620904,33.1343820871788,5.925246458843006,2988.415844913105,2942.84961639269,1097.8872762991552,35.10854559803158
47.5,104.82,41.5976285850803,41.7408330529591,63.1660678012474,90.0754335183102,63.22237141491969,63.079166947040896,41.65393219875259,14.744566481689787,3997.0682473260545,3978.981302732657,1735.050067618278,217.40224073296994
48,25.93,41.0465234243306,40.9346347405897,62.650186835345004,89.2652912219096,-15.116523424330602,-15.004634740589701,-36.720186835345004,-63.33529122190961,228.5092804383358,225.13906369851136,1348.3721212226446,4011.3591141641
48.5,119.4,40.4913374008065,40.1431688438195,62.1290546637106,88.4551511748299,78.9086625991935,79.25683115618051,57.27094533628941,30.944848825170112,6226.57703319336,6281.645284919306,3279.9611797122493,957.583668812632
49,106.5,39.9330500753693,39.3662326924851,61.6036555452161,87.6457569252974,66.5669499246307,67.1337673075149,44.8963444547839,18.854243074702595,4431.158822268292,4506.942712899557,2015.681745402605,355.4824819199707
49.5,79.42,39.3725695228032,38.6036203395172,61.074884036504,86.8377776249563,40.047430477196805,40.8163796604828,18.345115963496,-7.417777624956301,1603.7966878259115,1665.976848588674,336.5432797141157,55.02342489330234
50,132.42,38.8107361505704,37.8551233813613,60.5435532351118,86.0318149866964,93.6092638494296,94.56487661863869,71.87644676488819,46.388185013303584,8762.694278432127,8942.5158898983591,5166.223599545805,2151.863708828483
50.5,73.13,38.2483239639651,37.1205312982061,60.0104000380321,85.2284085485639,34.8816760360349,36.00946870179389,13.119599961967893,-12.09840854856391,1216.731323082891,1296.681836185474,172.12390316206793,146.3714894079643
51,66.5,37.6860453012484,36.3996321256517,59.4760922313651,84.4280418706307,28.8139546987516,30.1003678743483,7.023907768634899,-17.928041870630693,830.2439853817095,906.0321461710993,49.335280342289686,321.4146853150873
51.5,69.64,37.1245549146986,35.6922132099427,58.9412333958785,83.6311467969265,32.5154450853014,33.9477867900573,10.698766604121502,-13.9911467969265,1057.254169095251,1152.452227943189,114.46360684946553,195.75218869314668
52,24.71,36.5644557600942,34.9980615170434,58.4063687917632,82.838108825877,-11.854455760094197,-10.288061517043403,-33.6963687917632,-58.128108825877,140.5281213680305,105.8442097784694,1135.4452697505128,3378.8770356729997
52.5,85.33,36.0062994744661,34.3169639369648,57.8719899336388,82.0492706249188,49.3237005255339,51.0130360630352,27.458010066361197,3.2807293750811937,2432.827433532553,2602.32984836853,753.9423168043928,10.76318523252064
53,73.69,35.4505901099954,33.648707719573,57.3385393585038,81.2649365678813,38.239409890004595,40.041292280427,16.351460641496196,-7.574936567881309,1462.2524687357811,1603.305087486583,267.3702651103992,57.37966400742547
53.5,45.58,34.8977865999779,32.9930809509984,56.8064148423285,80.4853757006372,10.6822134000221,12.586919049001601,-11.226414842328502,-34.90537570063721,114.10968312361172,158.43053114611936,126.03239021205368,1218.3852528026346
54,35.66,34.348308630345,32.349872694137,56.2759732135506,79.7108254797876,1.3116913696549943,3.3101273058629985,-20.615973213550603,-44.050825479787605,1.720534249227395,10.956942781019833,425.018351541836,1940.4752254507048
54.5,56.17,33.8025377976495,31.7188731765427,55.7475341688654,78.9414943305052,22.367462202350502,24.4511268234573,0.4224658311346019,-22.771494330505192,500.3033653735784,597.8576029367931,0.17847737847624998,518.5409540442301
55,63.52,33.2608190518727,31.0998741053148,55.2213833134717,78.1775646655101,30.2591809481273,32.4201258946852,8.298616686528305,-14.657564665510101,915.6180316515103,1051.064563027238,68.86703890992602,214.84420192361023
55.5,44,32.7234636750647,30.4926689151343,54.6977755451914,77.4191951103345,11.2765363249353,13.507331084865701,-10.697775545191398,-33.4191951103345,127.16027148758532,182.44799303617924,114.44240161529511,1116.8426018226053
56,90.03,32.1907523268397,29.897052882921,54.176937487123,76.6665229191478,57.8392476731603,60.132947117079,35.853062512877,13.363477080852206,3345.3785713971793,3615.9713289854194,1285.4420915522662,178.5825196904622
56.5,61.73,31.662938258177,29.3128231719951,53.6590704331483,75.919665901323,30.067061741822997,32.4171768280049,8.070929566851696,-14.189665901323004,904.0282017865961,1050.8733534981377,65.1399040730809,201.34661839116876
57,38.71,31.1402474339203,28.739779093774,53.1443523076928,75.1787243547725,7.5697525660797,9.970220906226,-14.434352307692798,-36.4687243547725,57.3011539116702,99.405304918946,208.3505265425964,1329.9678560643767
57.5,42.52,30.6228808979902,28.1777222078577,52.6329401904715,74.4437827138402,11.897119102009803,14.342277792142305,-10.112940190471498,-31.923782713840204,141.54144292740654,205.70093226697836,102.2715592960537,1019.1279027604826
58,43.91,30.1110159825756,27.62645641412,52.1249719051259,73.7149111075284,13.798984017424395,16.283543585879997,-8.214971905125907,-29.804911107528397,190.4119599131339,265.1537917132536,67.48576340200798,888.3327261276696
58.5,61.63,29.6048098718536,27.0857879591553,51.6205681597295,72.9921667462027,32.025190128146406,34.5442120408447,10.009431840270501,-11.362166746202696,1025.612802743926,1193.3025855228398,100.18872576502092,129.09883316851437
59,83.02,29.1044006201933,26.5555255071877,51.1198338385289,72.2755951943483,53.91559937980669,56.4644744928123,31.9001661614711,10.744404805651698,2906.891856483812,3188.236879749451,1017.6206011294657,115.4422346277113
59.5,46.13,28.6099073849225,26.0354803283316,50.6228598047131,71.5652315135621,17.520092615077502,20.0945196716684,-4.492859804713099,-25.435231513562094,306.9536452408932,403.78972083506835,20.185789224806626,646.9510021485023
60,41.97,28.1214325136506,25.5254662784395,50.1297239499109,70.8611013234181,13.848567486349399,16.4445337215605,-8.159723949910898,-28.8911013234181,191.7828214239737,270.42268931954044,66.5810949387495,834.695735680011
60.5,14.34,27.639062214718,25.0252998039122,49.6404927074602,70.1632217173499,-13.299062214717999,-10.685299803912201,-35.300492707460194,-55.823221717349895,176.86505579094,114.17563189948613,1246.1247853894504,3116.232082904405
61,80.27,27.1628693227731,24.5347999417053,49.1552219025179,69.4716021721477,53.10713067722689,55.735200058294694,31.114778097482095,10.798397827852298,2820.3673287680535,3106.4125255381327,968.1294160555515,116.60539564856523
61.5,69.52,26.6929137169641,24.053788349772,48.6739580191876,68.7862452523028,42.8270862830359,45.466211650228,20.846041980812394,0.7337547476971906,1834.1593194946015,2067.176401823328,434.55746626579275,0.5383960297681679
62,90.37,26.2292424834653,23.5820894689614,48.1967388890097,68.1071474158678,64.1407575165347,66.7879105310386,42.1732611109903,22.262852584132204,4114.036774794903,4460.6249931020175,1778.583952735767,495.634605182802
62.5,54,25.7718915407625,23.1195304443107,47.7235947453187,67.4342995265207,28.2281084592375,30.8804695556893,6.2764052546813005,-13.434299526520704,796.8261071864757,953.6033999798536,39.39326292099104,180.4804037682744
63,66.59,25.3208859245028,22.6659410703151,47.2545487885335,66.7676875832551,41.2691140754972,43.924058929684904,19.335451211466506,-0.17768758325509282,1703.1397765764011,1929.3229528584322,373.85967355100155,0.03157287724303554
63.5,52.44,24.8762418611439,22.2211537908925,46.7896180472045,66.1072930772284,27.563758138856098,30.218846209107497,5.650381952795499,-13.667293077228408,759.7607627373558,913.1786662096905,31.926816212477075,186.79490005885555
64,41.12,24.4379671366411,21.785003694916,46.3288138635511,65.4530936376073,16.6820328633589,19.334996305083997,-5.2088138635511,-24.3330936376073,278.2902204541863,373.8420821176118,27.131741865122137,592.0994459765648
64.5,74.02,24.0060611077124,21.3573285941444,45.8721425652536,64.8050633009285,50.0139388922876,52.6626714058556,28.1478574347464,9.214936699071501,2501.394083521478,2773.3569596011207,792.3018781668081,84.91505836789477
65,62.83,23.5805157407456,20.9379690853746,45.4196059197707,64.163173032823,39.2494842592544,41.892030914625394,17.410394080229295,-1.333173032822998,1540.522014617459,1754.9422541519298,303.1218220288833,1.7773503354464706
65.5,63.76,23.1613159134711,20.5267683620789,44.9712016114365,63.5273909886824,40.5986840865289,43.233231637921094,18.7887983885635,0.23260901131759937,1648.2531495577748,1869.1123178581415,353.01894488608633,0.05410695214615107
66,28.39,22.7484405969571,20.12357219777,44.5269237061614,62.8976828662936,5.641559403042901,8.266427802230002,-16.136923706161397,-34.5076828662936,31.827192498061777,68.33382860948113,260.4003066984737,1190.7801768006927
66.5,53.87,22.3418635475986,19.7282289460005,44.0867629427785,62.2740122212183,31.528136452401398,34.1417710539995,9.783237057221498,-8.404012221218302,994.0233881612418,1165.660530703718,95.71172731779197,70.62742141438657
67,52.78,21.9415533071176,19.3405895238502,43.6507072059497,61.6563406417547,30.8384466928824,33.4394104761498,9.1292927940503,-8.876340641754702,951.0097944297494,1118.1941729924372,83.34398691949875,78.78942318846627
67.5,44.36,21.5474733739418,18.9605074845717,43.2187417008913,61.0446280995984,22.8125266260582,25.3994925154283,1.1412582991086992,-16.6846280995984,520.4113710646144,645.1342200412982,1.3024705052844812,278.37681482190845
68,17.44,21.1595831527666,18.5878390590156,42.7908493621261,60.4388330511384,-3.7195831527665995,-1.147839059015599,-25.3508493621261,-42.998833051138405,13.835298830345115,1.3175345054018155,642.6655633812094,1848.8996437596725
68.5,40.7,20.7778378564786,18.2224429170329,42.3670110270738,59.8389126992659,19.9221621435214,22.477557082967103,-1.667011027073798,-19.138912699265894,396.8925444727572,505.24057241804456,2.7789257643856384,366.2979793101213
69,50.42,20.402189599959,17.8641801533491,41.947205690291,59.2448231606826,30.017810400041,32.555819846650905,8.472794309709002,-8.824823160682598,901.0689412128096,1059.881405887589,71.78824341463724,77.87750381732
69.5,56.68,20.0325875318445,17.5129142875648,41.5314107577941,58.656519561535,36.6474124681555,39.167085712435195,15.148589242205901,-1.9765195615349995,1343.0328406111194,1534.0606032052451,229.47975602907636,3.9066295771305066
70,39.89,19.6689778345268,17.1685112588703,41.1196021426616,58.0739562707296,20.2210221654732,22.7214887411297,-1.229602142661598,-18.183956270729603,408.8897374165585,516.2660506132837,1.5119214292379928,330.6562656558064
70.5,24.82,19.3113038983571,16.8308393808977,40.7117545419358,57.4970869530262,5.508696101642901,7.9891606191023,-15.891754541935796,-32.6770869530262,30.34573274025569,63.82668739781505,252.547862421137,1067.792011735635
71,38.13,18.9595070015171,16.4997695566945,40.3078415232154,56.9258647001953,19.170492998482903,21.630230443305503,-2.177841523215399,-18.795864700195295,367.507801804882,467.8668690305002,4.742993700241169,353.2845298280476
71.5,27,18.6135261578348,16.1751749956441,39.9078356679356,56.3602421774578,8.386473842165199,10.824825004355901,-12.9078356679356,-29.3602421774578,70.33294350532111,117.17683637492874,166.6122216304305,862.0238207189719
72,48.12,18.2732988718793,15.8569311228853,39.5117087547052,55.8001716458439,29.846701128120696,32.2630688771147,8.6082912452948,-7.680171645843906,890.8255682313612,1040.905613369447,74.1026781638191,58.98503650962469
72.5,45.24,17.9387612047303,15.5449155793122,39.1194317931922,55.2456050912795,27.3012387952697,29.695084420687802,6.120568206807803,-10.005605091279499,745.3576397563394,881.7980387517755,37.46135517418649,100.11213324263822
73,43.8,17.6098477739786,15.2390082215742,38.7309751808815,54.6964943119687,26.190152226021397,28.560991778425795,5.069024819118496,-10.896494311968702,685.9240736221735,815.7302513673059,25.695012616839303,118.73358829076628
73.5,23.27,17.2864917883221,14.9390911106705,38.3463088039954,54.1527909301618,5.983508211677901,8.3309088893295,-15.0763088039954,-30.8827909301618,35.802370519216865,69.40404292230927,227.2950871534292,953.746775636084
74,42.98,16.9686255783947,14.6450484456915,37.9654020604384,53.6144464987861,26.011374421605296,28.334951554308496,5.014597939561597,-10.634446498786104,676.5915993009422,802.8694795850095,25.146192495455413,113.09145233554403
74.5,34.22,16.6561804521992,14.3567668267496,37.5882239975055,53.0814125613091,17.563819547800797,19.8632331732504,-3.3682239975055026,-18.861412561309102,308.4877571077094,394.54803209491513,11.344932897371947,355.7528838079088
75,32.43,16.3490871200229,14.0741349189306,37.21474337012,52.5536406552899,16.0809128799771,18.3558650810694,-4.7847433701199975,-20.123640655289897,258.59575905341336,336.9377828744229,22.893769117907272,404.9609132232364
75.5,32.89,16.0472758430809,13.7970433639062,36.8449286546027,52.0310823882625,16.8427241569191,19.092956636093803,-3.9549286546026963,-19.141082388262497,283.6773570260662,364.54099310775837,15.641460662997494,366.38103499425273
76,29.35,15.7506764335158,13.525384779934,36.4787481586128,51.5136894904694,13.599323566484202,15.824615220066,-7.128748158612801,-22.1636894904694,184.9416014659326,250.4184468631445,50.8190503089254,491.2291318299438
76.5,33.36,15.4592182543979,13.2590537618572,36.1161700634328,51.0014138151945,17.9007817456021,20.1009462381428,-2.7561700634327977,-17.641413815194504,320.43798710368134,404.0480396687072,7.596473418563152,311.2194813989355
77,28.94,15.1728303134851,12.997946881105,35.7571624274535,50.4942073762653,13.767169686514901,15.942053118895002,-6.8171624274535,-21.5542073762653,189.5349611772948,254.14905764566987,46.473703562283696,464.5838556190495
77.5,34.4,14.8914416275555,12.7419626130415,35.4016932640029,49.9920224042207,19.508558372444497,21.658037386958497,-1.0016932640029026,-15.5920224042207,380.5838497710743,469.0705834548921,1.0033893951487887,243.11116265372024
78,52.57,14.614981054631,12.4910014413336,35.0497305842859,49.4948113521681,37.955018945369,40.0789985586664,17.520269415714097,3.075188647831901,1440.5834631433195,1606.3261254655833,306.95984039920677,9.456785219754195
78.5,26.73,14.3433775922746,12.2449659351498,34.7012423968662,49.0025268962728,12.386622407725401,14.4850340648502,-7.971242396866199,-22.272526896272797,153.428414671565,209.81621185987072,63.54070534959718,496.0654543451952
79,21.15,14.0765604063118,12.0037603985201,34.3561967445532,48.5151219882291,7.073439593688198,9.146239601479898,-13.206196744553203,-27.3651219882291,50.03354768555585,83.65369884767917,174.40363245584763,748.8499014306597
79.5,37.66,13.8144588308304,11.767290860816,34.0145617568588,48.0325498693324,23.845541169169596,25.892709139183996,3.6454382431412,-10.372549869332403,568.6098336505621,670.4323865663824,13.289219984556398,107.58979079178765
80,25.7,13.5570023681804,11.53546507675,33.6763056557563,47.5547640684711,12.142997631819599,14.164534923249999,-7.976305655756303,-21.854764068471102,147.45239148637637,200.63404959196885,63.62145191404998,477.63071248853555
80.5,23.77,13.3041207238481,11.3081925263763,33.3413967539674,47.0817184129259,10.465879276151899,12.461807473623699,-9.571396753967402,-23.311718412925902,109.5346290229858,155.29664550966348,91.61163582185773,543.4362153635485
81,29.91,13.0557440815851,11.0853844150904,33.0098035050479,46.6133670617942,16.8542559184149,18.8246155849096,-3.0998035050478983,-16.7033670617942,284.0659425634237,354.3661519196215,9.608781769907235,279.0024712010314
81.5,35.38,12.8118029952731,10.8669536230143,32.6814945186486,46.1496645094628,22.568197004726905,24.513046376985702,2.698505481351404,-10.7696645094628,509.3235160441644,600.8894426802518,7.281931832883573,115.98567364638261
82,26.92,12.5722285100648,10.6528146820658,32.3564385602887,45.6905655818837,14.347771489935202,16.2671853179342,-5.4364385602887,-18.7705655818837,205.8585467273974,264.621318168014,29.55486421979387,352.334132263797
82.5,25.09,12.3369521934492,10.4428840738136,32.0346045556253,45.2360254449042,12.7530478065508,14.6471159261864,-6.9446045556253,-20.1460254449042,162.64022835617018,214.5380049551433,48.22753243401168,405.8623412267275
83,35.1,12.1059061352524,10.2370797980386,31.7159616263068,44.7859996251064,22.9940938647476,24.8629202019614,3.384038373693201,-9.685999625106398,528.7283526608232,618.1648009691004,11.451715714628126,93.81858873756127
83.5,26.81,11.8790229476364,10.0353213300042,31.4004790948669,44.340444011155,14.930977052363598,16.7746786699958,-4.5904790948669,-17.530444011155,222.93407573820838,281.3898444816121,21.072498320410038,307.31646722824024
84,35.4,11.6562357651004,9.83752962045674,31.0881264837708,43.899314851677,23.7437642348996,25.562470379543257,4.311873516229198,-8.499314851677,563.7663400424974,653.4398919050263,18.59225321995875,72.23835294793722
84.5,28.93,11.437478315267,9.64362709562526,30.7788735159103,43.4625687541013,17.492521684733,19.28637290437474,-1.8488735159102987,-14.532568754101298,305.9883148908542,371.96417980660016,3.4183332778345097,211.19555459268136
85,21.13,11.2226850798151,9.45353765722175,30.4726901396924,43.0301626991524,9.907314920184898,11.67646234277825,-9.342690139692401,-21.9001626991524,98.1548889277183,136.33977284231852,87.28585904630562,479.61712624934614
85.5,24.9,11.0117912022059,9.26718668244097,30.1695465320486,42.6020540423928,13.888208797794098,15.632813317559028,-5.269546532048601,-17.702054042392803,192.88234361112538,244.38485222165093,27.768120653425434,313.36271731979537
86,18.23,10.8047325223384,9.08450097090166,29.8694130992108,42.1782005139791,7.425267477661601,9.14549902909834,-11.639413099210799,-23.9482005139791,55.13459711481907,83.6401524912387,135.47593729407993,573.5163078577488
86.5,23.47,10.6014455775229,8.90540875716559,29.5722604705159,41.7585602138575,12.868554422477098,14.564591242834409,-6.102260470515901,-18.2885602138575,165.5996929242549,212.12731807084873,37.23758285002095,334.4714346958915
87,12.41,10.4018676024804,8.72983991837641,29.2780595137291,41.3430916155897,2.0081323975195993,3.6801600816235904,-16.8680595137291,-28.9330916155897,4.032595725967814,13.543578226375752,284.53143175870684,837.1237904361069
87.5,3.61,10.2059365293429,8.55772560481883,28.9867813403663,40.9317535696893,-6.5959365293429,-4.94772560481883,-25.3767813403663,-37.3217535696893,43.50637869912006,24.479988660579856,643.9810311967632,1392.913289516616
88,15.69,10.0135909876536,8.38899821411416,28.6983973059331,40.524505303628,5.676409012346399,7.301001785885839,-13.0083973059331,-24.834505303628,32.221619275447424,53.304627077508215,169.21840046900752,616.7526536759273
88.5,33.36,9.82477032166115,8.22359139122026,28.4128790077047,40.1213064202006,23.53522967833885,25.13640860877974,4.9471209922953,-6.761306420200597,553.9070360121618,631.8390377475362,24.474006112408834,45.715264507845816
89,19.52,9.6394147311643,8.06144002843162,28.1301982830514,39.7221168949288,9.8805852688357,11.458559971568379,-8.6101982830514,-20.202116894928803,97.62596525473305,131.29859662202912,74.13551447346127,408.12552703636777
89.5,21.29,9.45746523389237,7.90248026537928,27.8503272177686,39.326897075031,11.83253476610763,13.387519734620719,-6.560327217768602,-18.036897075031,140.00887899114574,179.2256846448592,43.03789320419553,325.32965609526184
90,13.75,9.27886360291397,7.74664948903089,27.5732381468554,38.9356076784562,4.471136397086029,6.00335051096911,-13.823238146855399,-25.1856076784562,19.99106068134744,36.040217357553075,191.0819128646783,634.314834133112
90.5,21.2,9.1035523661732,7.59388630024302,27.298903654461,38.5482097938844,12.096447633826799,13.606113699756978,-6.098903654461001,-17.348209793884404,146.32404535791395,185.12633001071453,37.19662578639775,300.96038305262675
91,8.96,8.9314748064896,7.44413048569974,27.0272965716893,38.1646648794432,0.028525193510400726,1.5158695143002605,-18.067296571689297,-29.2046648794432,8.136866648058077e-4,2.297860384384908,326.42720540937586,852.9124507205831
91.5,16.75,8.76257496155818,7.29732323224712,26.7583899749413,37.7849347601324,7.98742503844182,9.45267676775288,-10.008389974941299,-21.0349347601324,63.798958744727315,89.35309807561504,100.16786989050549,442.46848036302634
92,20.37,8.59679762394941,7.15340681131202,26.4921571877775,37.4089816276822,11.773202376050591,13.21659318868798,-6.1221571877775,-17.0389816276822,138.60829418744328,174.67833551527352,37.48080863185571,290.32689490849157
92.5,30,8.43408834099718,7.01232454410738,26.2285717810686,37.0367680325322,21.565911659002822,22.98767545589262,3.7714282189314012,-7.036768032532201,465.0885456839138,528.433222865448,14.22367081055208,49.51610434366711
93,18.09,8.2743934160854309,6.87402080163221,25.9676075729956,36.66825688335,9.815606583914569,11.21597919836779,-7.8776075729956005,-18.578256883349997,96.34613261018704,125.79818937821899,62.05670107411763,345.15162882374153
93.5,9.76,8.11766006596138,6.73844100467157,25.7092386274962,36.3034114470313,1.6423399340386204,3.02155899532843,-15.949238627496202,-26.543411447031303,2.69728045893798,9.129818762250151,254.37821279681694,704.5526912463924
94,17.34,7.96383631669489,6.60553162379657,25.4534392530445,35.9421953459766,9.37616368330511,10.73446837620343,-8.1134392530445,-18.6021953459766,87.91244541612966,115.22881131971153,65.8278965128433,346.0416716898735
94.5,11.25,7.81287093305506,6.4752401793644,25.2001840013315,35.5845725573273,3.43712906694494,4.7747598206356,-13.9501840013315,-24.3345725573273,11.813856222837794,22.798331344756107,194.60763367100535,592.1714215478269
95,18.44,7.66471341851015,6.3475152199994,24.9494476640724,35.2305074139592,10.775286581489851,12.092484780000602,-6.5094476640724,-16.7905074139592,116.10680091323525,146.2281881545462,42.37290889129763,281.9211392182189
95.5,16.3,7.51931401522764,6.22230627476307,24.7012052729816,34.8799645903204,8.780685984772362,10.07769372523693,-8.4012052729816,-18.579964590320397,77.10044636317778,101.5599108196798,70.58025003877383,345.2150841775598
96,14.63,7.3766237040742,6.09956405913377,24.4554320997726,34.5329091018769,7.253376295925801,8.53043594086623,-9.8254320997726,-19.9029091018769,52.611467690298284,72.76833734122232,96.53911594724181,396.1257907175744
96.5,10.75,7.23659420461568,5.9792402113317,24.2121036540497,34.1893063051125,3.51340579538432,4.7707597886683,-13.462103654049699,-23.439306305112503,12.344020283040125,22.760148961174405,181.22823479237826,549.4010800648867
97,10.3,7.09917797511716,5.86128725105841,23.9711956828045,33.8491218973949,3.2008220248828403,4.43871274894159,-13.671195682804498,-23.5491218973949,10.245261634975085,19.70217086761661,186.90159139753234,554.5611421383641
97.5,19.63,6.96432818802591,5.74565857949673,23.7326841711245,33.5123219083297,12.66567181197409,13.884341420503269,-4.102684171124501,-13.882321908329704,160.419242448635,192.77493668110273,16.832017407995536,192.7188615664909
98,11.83,6.83199883772906,5.63230847931078,23.4965453331119,33.1788727139614,4.99800116227094,6.1976915206892205,-11.6665453331119,-21.3488727139614,24.980015618061667,38.41138018562306,136.10828000955505,455.7743661569255
98.5,19.74,6.70214475846379,5.52119211464601,23.2627556115935,32.8487410213312,13.037855241536208,14.21880788535399,-3.522755611593503,-13.108741021331202,169.98566929925317,202.1744976806048,12.409807099013516,171.8390911643314
99,18.03,6.57472146800113,5.41226553112913,23.0312916781209,32.5218938577886,11.455278531998871,12.617734468870871,-5.0012916781209,-14.491893857788597,131.22340624567423,159.2072231269321,25.01291844964137,210.01498758541086
99.5,14.33,6.44968516468817,5.30548564247261,22.8021304329699,32.1982985709914,7.88031483531183,9.02451435752739,-8.4721304329699,-17.8682985709914,62.09936190363571,81.44185938921801,71.77699407325474,319.2760938220933
100,5.55,6.32699272744803,5.20081017495118,22.5752490005,31.8779228289055,-0.7769927274480306,0.34918982504881946,-17.0252490005,-26.3279228289055,0.6037176985071295,0.12193353391762514,289.85910352902624,693.1595204848034
